,equity,trade
equity,0.7587526,0.24124743
trade,0.24509083,0.75490916
