Test_AUC,Test_Acc
0.7618618784530387,0.6531322505800464
