test_auc,test_acc
0.7803149171270718,0.685614849187935
